Tree,http://en.wikipedia.org/wiki/Tree
Forest,http://en.wikipedia.org/wiki/Forest
Coconut,http://en.wikipedia.org/wiki/Coconut
Cherry blossom,http://en.wikipedia.org/wiki/Cherry_blossom
Tree shaping,http://en.wikipedia.org/wiki/Tree_shaping
Arecaceae,http://en.wikipedia.org/wiki/Arecaceae
Maple syrup,http://en.wikipedia.org/wiki/Maple_syrup
Taiga,http://en.wikipedia.org/wiki/Taiga
Ginkgo biloba,http://en.wikipedia.org/wiki/Ginkgo_biloba
Bonsai,http://en.wikipedia.org/wiki/Bonsai
Tree line,http://en.wikipedia.org/wiki/Tree_line
Tree house,http://en.wikipedia.org/wiki/Tree_house
Trail trees,http://en.wikipedia.org/wiki/Trail_trees
Treant,http://en.wikipedia.org/wiki/Treant
Tree stump,http://en.wikipedia.org/wiki/Tree_stump
Five Trees,http://en.wikipedia.org/wiki/Five_Trees
Tree snail,http://en.wikipedia.org/wiki/Tree_snail
Tree measurement,http://en.wikipedia.org/wiki/Tree_measurement
Arecales,http://en.wikipedia.org/wiki/Arecales
Tree worship,http://en.wikipedia.org/wiki/Tree_worship
Olive,http://en.wikipedia.org/wiki/Olive
Laurel forest,http://en.wikipedia.org/wiki/Laurel_forest
Tesla trees,http://en.wikipedia.org/wiki/Tesla_trees
Tree planting,http://en.wikipedia.org/wiki/Tree_planting
Temperate rainforest,http://en.wikipedia.org/wiki/Temperate_rainforest
Tree spiking,http://en.wikipedia.org/wiki/Tree_spiking
Peach,http://en.wikipedia.org/wiki/Peach
Trophis,http://en.wikipedia.org/wiki/Trophis
OneTree,http://en.wikipedia.org/wiki/OneTree
Teak,http://en.wikipedia.org/wiki/Teak
Wood preservation,http://en.wikipedia.org/wiki/Wood_preservation
Banksia prionotes,http://en.wikipedia.org/wiki/Banksia_prionotes
Dule Tree,http://en.wikipedia.org/wiki/Dule_Tree
Tree paint,http://en.wikipedia.org/wiki/Tree_paint
Arboretum,http://en.wikipedia.org/wiki/Arboretum
Bodhi Tree,http://en.wikipedia.org/wiki/Bodhi_Tree
Cordyline australis,http://en.wikipedia.org/wiki/Cordyline_australis
Wish Tree,http://en.wikipedia.org/wiki/Wish_Tree
Groot,http://en.wikipedia.org/wiki/Groot
Fraxinus,http://en.wikipedia.org/wiki/Fraxinus
Tree health,http://en.wikipedia.org/wiki/Tree_health
Nerium,http://en.wikipedia.org/wiki/Nerium
Prunus mume,http://en.wikipedia.org/wiki/Prunus_mume
Tree tunnel,http://en.wikipedia.org/wiki/Tree_tunnel
Yggdrasil,http://en.wikipedia.org/wiki/Yggdrasil
Banksia sessilis,http://en.wikipedia.org/wiki/Banksia_sessilis
Tree topping,http://en.wikipedia.org/wiki/Tree_topping
Moreae,http://en.wikipedia.org/wiki/Moreae
Old-growth forest,http://en.wikipedia.org/wiki/Old-growth_forest
Temperate forest,http://en.wikipedia.org/wiki/Temperate_forest
Cordaites,http://en.wikipedia.org/wiki/Cordaites
Thorn forest,http://en.wikipedia.org/wiki/Thorn_forest
Teil tree,http://en.wikipedia.org/wiki/Teil_tree
The Redwoods,http://en.wikipedia.org/wiki/The_Redwoods
Dacryodes,http://en.wikipedia.org/wiki/Dacryodes
Chico Mendes,http://en.wikipedia.org/wiki/Chico_Mendes
Birch beer,http://en.wikipedia.org/wiki/Birch_beer
Banksia menziesii,http://en.wikipedia.org/wiki/Banksia_menziesii
Tree breeding,http://en.wikipedia.org/wiki/Tree_breeding
Wood drying,http://en.wikipedia.org/wiki/Wood_drying
Evergreen forest,http://en.wikipedia.org/wiki/Evergreen_forest
Witch Tree,http://en.wikipedia.org/wiki/Witch_Tree
Crescentia,http://en.wikipedia.org/wiki/Crescentia
Tarzan's Treehouse,http://en.wikipedia.org/wiki/Tarzan's_Treehouse
Claret Ash,http://en.wikipedia.org/wiki/Claret_Ash
Nurse tree,http://en.wikipedia.org/wiki/Nurse_tree
Fagales,http://en.wikipedia.org/wiki/Fagales
Pando (tree),http://en.wikipedia.org/wiki/Pando_(tree)
Ailanthus altissima,http://en.wikipedia.org/wiki/Ailanthus_altissima
Dryad,http://en.wikipedia.org/wiki/Dryad
Ficus religiosa,http://en.wikipedia.org/wiki/Ficus_religiosa
Cypress forest,http://en.wikipedia.org/wiki/Cypress_forest
Fraxinus excelsior,http://en.wikipedia.org/wiki/Fraxinus_excelsior
Date palm,http://en.wikipedia.org/wiki/Date_palm
Moraceae,http://en.wikipedia.org/wiki/Moraceae
Red Forest,http://en.wikipedia.org/wiki/Red_Forest
Common fig,http://en.wikipedia.org/wiki/Common_fig
Tonewood,http://en.wikipedia.org/wiki/Tonewood
Pinus strobus,http://en.wikipedia.org/wiki/Pinus_strobus
Changi Tree,http://en.wikipedia.org/wiki/Changi_Tree
Burmis Tree,http://en.wikipedia.org/wiki/Burmis_Tree
Cordaitales,http://en.wikipedia.org/wiki/Cordaitales
Acer negundo,http://en.wikipedia.org/wiki/Acer_negundo
Olea oleaster,http://en.wikipedia.org/wiki/Olea_oleaster
Curtisia,http://en.wikipedia.org/wiki/Curtisia
Areca catechu,http://en.wikipedia.org/wiki/Areca_catechu
Grevillea robusta,http://en.wikipedia.org/wiki/Grevillea_robusta
Topiary,http://en.wikipedia.org/wiki/Topiary
Honey locust,http://en.wikipedia.org/wiki/Honey_locust
Meyer lemon,http://en.wikipedia.org/wiki/Meyer_lemon
Ceratonia siliqua,http://en.wikipedia.org/wiki/Ceratonia_siliqua
Talking tree,http://en.wikipedia.org/wiki/Talking_tree
Ficus retusa,http://en.wikipedia.org/wiki/Ficus_retusa
Cercis canadensis,http://en.wikipedia.org/wiki/Cercis_canadensis
Queens Giant,http://en.wikipedia.org/wiki/Queens_Giant
Cordia sebestena,http://en.wikipedia.org/wiki/Cordia_sebestena
Austrocedrus,http://en.wikipedia.org/wiki/Austrocedrus
Karri forest,http://en.wikipedia.org/wiki/Karri_forest
Cycas,http://en.wikipedia.org/wiki/Cycas
Sacred grove,http://en.wikipedia.org/wiki/Sacred_grove
Arbor Day,http://en.wikipedia.org/wiki/Arbor_Day
Durio kutejensis,http://en.wikipedia.org/wiki/Durio_kutejensis
Moon tree,http://en.wikipedia.org/wiki/Moon_tree
World tree,http://en.wikipedia.org/wiki/World_tree
Acer saccharum,http://en.wikipedia.org/wiki/Acer_saccharum
Dry tree,http://en.wikipedia.org/wiki/Dry_tree
Timber slide,http://en.wikipedia.org/wiki/Timber_slide
Rosewood,http://en.wikipedia.org/wiki/Rosewood
Estovers,http://en.wikipedia.org/wiki/Estovers
Banksia marginata,http://en.wikipedia.org/wiki/Banksia_marginata
Birch,http://en.wikipedia.org/wiki/Birch
Resin,http://en.wikipedia.org/wiki/Resin
Bee tree,http://en.wikipedia.org/wiki/Bee_tree
Prunus avium,http://en.wikipedia.org/wiki/Prunus_avium
Liriodendron tulipifera,http://en.wikipedia.org/wiki/Liriodendron_tulipifera
Delonix regia,http://en.wikipedia.org/wiki/Delonix_regia
Fruit tree,http://en.wikipedia.org/wiki/Fruit_tree
Buttress root,http://en.wikipedia.org/wiki/Buttress_root
Dyewoods,http://en.wikipedia.org/wiki/Dyewoods
Sephirot,http://en.wikipedia.org/wiki/Sephirot
Juglans regia,http://en.wikipedia.org/wiki/Juglans_regia
Kumquat,http://en.wikipedia.org/wiki/Kumquat
Olea capensis,http://en.wikipedia.org/wiki/Olea_capensis
Caryota urens,http://en.wikipedia.org/wiki/Caryota_urens
Prunus cerasoides,http://en.wikipedia.org/wiki/Prunus_cerasoides
Cryptomeria,http://en.wikipedia.org/wiki/Cryptomeria
Acer rubrum,http://en.wikipedia.org/wiki/Acer_rubrum
Forest inventory,http://en.wikipedia.org/wiki/Forest_inventory
Hardwood,http://en.wikipedia.org/wiki/Hardwood
Agarwood,http://en.wikipedia.org/wiki/Agarwood
Quercus robur,http://en.wikipedia.org/wiki/Quercus_robur
Chankiri Tree,http://en.wikipedia.org/wiki/Chankiri_Tree
Birch sap,http://en.wikipedia.org/wiki/Birch_sap
Forest steppe,http://en.wikipedia.org/wiki/Forest_steppe
Cupressus forbesii,http://en.wikipedia.org/wiki/Cupressus_forbesii
Heritage tree,http://en.wikipedia.org/wiki/Heritage_tree
Arbutus unedo,http://en.wikipedia.org/wiki/Arbutus_unedo
Ficus aurea,http://en.wikipedia.org/wiki/Ficus_aurea
Bonsai styles,http://en.wikipedia.org/wiki/Bonsai_styles
Cupressus sempervirens,http://en.wikipedia.org/wiki/Cupressus_sempervirens
Dacryodes excelsa,http://en.wikipedia.org/wiki/Dacryodes_excelsa
Quercus cerris,http://en.wikipedia.org/wiki/Quercus_cerris
Balmville Tree,http://en.wikipedia.org/wiki/Balmville_Tree
Cupressus funebris,http://en.wikipedia.org/wiki/Cupressus_funebris
Bonsai aesthetics,http://en.wikipedia.org/wiki/Bonsai_aesthetics
Pollen source,http://en.wikipedia.org/wiki/Pollen_source
Amherstia,http://en.wikipedia.org/wiki/Amherstia
Lucus,http://en.wikipedia.org/wiki/Lucus
Alectryon excelsus,http://en.wikipedia.org/wiki/Alectryon_excelsus
Ocotea foetens,http://en.wikipedia.org/wiki/Ocotea_foetens
Saikei,http://en.wikipedia.org/wiki/Saikei
Macropiper excelsum,http://en.wikipedia.org/wiki/Macropiper_excelsum
Orlah,http://en.wikipedia.org/wiki/Orlah
Zapis,http://en.wikipedia.org/wiki/Zapis
Iroko,http://en.wikipedia.org/wiki/Iroko
Borassus flabellifer,http://en.wikipedia.org/wiki/Borassus_flabellifer
Crataegus monogyna,http://en.wikipedia.org/wiki/Crataegus_monogyna
Acer palmatum,http://en.wikipedia.org/wiki/Acer_palmatum
Cyathea dregei,http://en.wikipedia.org/wiki/Cyathea_dregei
Tigerwood,http://en.wikipedia.org/wiki/Tigerwood
Understory,http://en.wikipedia.org/wiki/Understory
Indoor bonsai,http://en.wikipedia.org/wiki/Indoor_bonsai
Acer pseudoplatanus,http://en.wikipedia.org/wiki/Acer_pseudoplatanus
Medullosales,http://en.wikipedia.org/wiki/Medullosales
Ebony,http://en.wikipedia.org/wiki/Ebony
Pinus ponderosa,http://en.wikipedia.org/wiki/Pinus_ponderosa
Gallery forest,http://en.wikipedia.org/wiki/Gallery_forest
Ankerwycke Yew,http://en.wikipedia.org/wiki/Ankerwycke_Yew
Blue spruce,http://en.wikipedia.org/wiki/Blue_spruce
Cycadales,http://en.wikipedia.org/wiki/Cycadales
Dyson tree,http://en.wikipedia.org/wiki/Dyson_tree
Orchard,http://en.wikipedia.org/wiki/Orchard
Pinus halepensis,http://en.wikipedia.org/wiki/Pinus_halepensis
Cedrus deodara,http://en.wikipedia.org/wiki/Cedrus_deodara
Anacardium excelsum,http://en.wikipedia.org/wiki/Anacardium_excelsum
Carpinus betulus,http://en.wikipedia.org/wiki/Carpinus_betulus
Prunus speciosa,http://en.wikipedia.org/wiki/Prunus_speciosa
Chandelier Tree,http://en.wikipedia.org/wiki/Chandelier_Tree
Shorea,http://en.wikipedia.org/wiki/Shorea
Buttonball Tree,http://en.wikipedia.org/wiki/Buttonball_Tree
Secondary forest,http://en.wikipedia.org/wiki/Secondary_forest
Lotus tree,http://en.wikipedia.org/wiki/Lotus_tree
Acnistus arborescens,http://en.wikipedia.org/wiki/Acnistus_arborescens
Picea jezoensis,http://en.wikipedia.org/wiki/Picea_jezoensis
Sacred Oak,http://en.wikipedia.org/wiki/Sacred_Oak
Betula pubescens,http://en.wikipedia.org/wiki/Betula_pubescens
Riparian forest,http://en.wikipedia.org/wiki/Riparian_forest
Juglans nigra,http://en.wikipedia.org/wiki/Juglans_nigra
Ilex mitis,http://en.wikipedia.org/wiki/Ilex_mitis
Tugay,http://en.wikipedia.org/wiki/Tugay
Shade tree,http://en.wikipedia.org/wiki/Shade_tree
Abies homolepis,http://en.wikipedia.org/wiki/Abies_homolepis
Conifer cone,http://en.wikipedia.org/wiki/Conifer_cone
Crownshaft,http://en.wikipedia.org/wiki/Crownshaft
Spruce-pine-fir,http://en.wikipedia.org/wiki/Spruce-pine-fir
Sugar bush,http://en.wikipedia.org/wiki/Sugar_bush
Voltziales,http://en.wikipedia.org/wiki/Voltziales
Quercus ilex,http://en.wikipedia.org/wiki/Quercus_ilex
Pinophyta,http://en.wikipedia.org/wiki/Pinophyta
Wood processing,http://en.wikipedia.org/wiki/Wood_processing
Hemiboreal,http://en.wikipedia.org/wiki/Hemiboreal
Astronium graveolens,http://en.wikipedia.org/wiki/Astronium_graveolens
Anogeissus,http://en.wikipedia.org/wiki/Anogeissus
Kite-Eating Tree,http://en.wikipedia.org/wiki/Kite-Eating_Tree
Casuarina obesa,http://en.wikipedia.org/wiki/Casuarina_obesa
Crataegus aestivalis,http://en.wikipedia.org/wiki/Crataegus_aestivalis
Ptychosperma elegans,http://en.wikipedia.org/wiki/Ptychosperma_elegans
Myricaceae,http://en.wikipedia.org/wiki/Myricaceae
Banksia integrifolia,http://en.wikipedia.org/wiki/Banksia_integrifolia
Moanalua Gardens,http://en.wikipedia.org/wiki/Moanalua_Gardens
Liriodendron chinense,http://en.wikipedia.org/wiki/Liriodendron_chinense
Platanus,http://en.wikipedia.org/wiki/Platanus
Platanus orientalis,http://en.wikipedia.org/wiki/Platanus_orientalis
Sapele,http://en.wikipedia.org/wiki/Sapele
Inga edulis,http://en.wikipedia.org/wiki/Inga_edulis
Cupressus macrocarpa,http://en.wikipedia.org/wiki/Cupressus_macrocarpa
Juniperus cedrus,http://en.wikipedia.org/wiki/Juniperus_cedrus
Cycad,http://en.wikipedia.org/wiki/Cycad
Teak furniture,http://en.wikipedia.org/wiki/Teak_furniture
Artocarpeae,http://en.wikipedia.org/wiki/Artocarpeae
Platanus racemosa,http://en.wikipedia.org/wiki/Platanus_racemosa
Leyland cypress,http://en.wikipedia.org/wiki/Leyland_cypress
Ficus elastica,http://en.wikipedia.org/wiki/Ficus_elastica
Stump harvesting,http://en.wikipedia.org/wiki/Stump_harvesting
Picea orientalis,http://en.wikipedia.org/wiki/Picea_orientalis
Kalpavriksha,http://en.wikipedia.org/wiki/Kalpavriksha
Divergence problem,http://en.wikipedia.org/wiki/Divergence_problem
Pinus canariensis,http://en.wikipedia.org/wiki/Pinus_canariensis
Pygmy forest,http://en.wikipedia.org/wiki/Pygmy_forest
Phoenix roebelenii,http://en.wikipedia.org/wiki/Phoenix_roebelenii
Weeping tree,http://en.wikipedia.org/wiki/Weeping_tree
Quercus suber,http://en.wikipedia.org/wiki/Quercus_suber
Exploding tree,http://en.wikipedia.org/wiki/Exploding_tree
Platanus occidentalis,http://en.wikipedia.org/wiki/Platanus_occidentalis
Quercus chrysolepis,http://en.wikipedia.org/wiki/Quercus_chrysolepis
Liquidambar styraciflua,http://en.wikipedia.org/wiki/Liquidambar_styraciflua
Teviotville Tree,http://en.wikipedia.org/wiki/Teviotville_Tree
Clerodendrum tomentosum,http://en.wikipedia.org/wiki/Clerodendrum_tomentosum
Jubaea,http://en.wikipedia.org/wiki/Jubaea
Crescentia cujete,http://en.wikipedia.org/wiki/Crescentia_cujete
Ligustrum sinense,http://en.wikipedia.org/wiki/Ligustrum_sinense
Juniperus virginiana,http://en.wikipedia.org/wiki/Juniperus_virginiana
Abies concolor,http://en.wikipedia.org/wiki/Abies_concolor
Broussaisia,http://en.wikipedia.org/wiki/Broussaisia
Veteran tree,http://en.wikipedia.org/wiki/Veteran_tree
Ilex decidua,http://en.wikipedia.org/wiki/Ilex_decidua
Cyathea medullaris,http://en.wikipedia.org/wiki/Cyathea_medullaris
Cladrastis kentukea,http://en.wikipedia.org/wiki/Cladrastis_kentukea
Dendrometry,http://en.wikipedia.org/wiki/Dendrometry
Alphitonia excelsa,http://en.wikipedia.org/wiki/Alphitonia_excelsa
Thyine wood,http://en.wikipedia.org/wiki/Thyine_wood
Podocarpus elatus,http://en.wikipedia.org/wiki/Podocarpus_elatus
Kentucky coffeetree,http://en.wikipedia.org/wiki/Kentucky_coffeetree
Quercus virginiana,http://en.wikipedia.org/wiki/Quercus_virginiana
Certified wood,http://en.wikipedia.org/wiki/Certified_wood
Juglandales,http://en.wikipedia.org/wiki/Juglandales
Ficus obliqua,http://en.wikipedia.org/wiki/Ficus_obliqua
Phoenix canariensis,http://en.wikipedia.org/wiki/Phoenix_canariensis
Quercus tomentella,http://en.wikipedia.org/wiki/Quercus_tomentella
Dendrochronology,http://en.wikipedia.org/wiki/Dendrochronology
Contrayerva,http://en.wikipedia.org/wiki/Contrayerva
Pyroligneous acid,http://en.wikipedia.org/wiki/Pyroligneous_acid
Athrotaxis selaginoides,http://en.wikipedia.org/wiki/Athrotaxis_selaginoides
Jagera pseudorhus,http://en.wikipedia.org/wiki/Jagera_pseudorhus
Broad-leaved tree,http://en.wikipedia.org/wiki/Broad-leaved_tree
Multipurpose tree,http://en.wikipedia.org/wiki/Multipurpose_tree
Encephalartos,http://en.wikipedia.org/wiki/Encephalartos
Castanea sativa,http://en.wikipedia.org/wiki/Castanea_sativa
Lyptus,http://en.wikipedia.org/wiki/Lyptus
Acer lobelii,http://en.wikipedia.org/wiki/Acer_lobelii
Quercus lobata,http://en.wikipedia.org/wiki/Quercus_lobata
Pistacia lentiscus,http://en.wikipedia.org/wiki/Pistacia_lentiscus
Larix decidua,http://en.wikipedia.org/wiki/Larix_decidua
Athrotaxis cupressoides,http://en.wikipedia.org/wiki/Athrotaxis_cupressoides
Crataegus laevigata,http://en.wikipedia.org/wiki/Crataegus_laevigata
Metasequoia glyptostroboides,http://en.wikipedia.org/wiki/Metasequoia_glyptostroboides
Persea schiedeana,http://en.wikipedia.org/wiki/Persea_schiedeana
Saba senegalensis,http://en.wikipedia.org/wiki/Saba_senegalensis
Crataegus azarolus,http://en.wikipedia.org/wiki/Crataegus_azarolus
Laburnum,http://en.wikipedia.org/wiki/Laburnum
Dracaena draco,http://en.wikipedia.org/wiki/Dracaena_draco
Ilex cassine,http://en.wikipedia.org/wiki/Ilex_cassine
Eucalyptus camaldulensis,http://en.wikipedia.org/wiki/Eucalyptus_camaldulensis
Ceiba speciosa,http://en.wikipedia.org/wiki/Ceiba_speciosa
Ironwood,http://en.wikipedia.org/wiki/Ironwood
Ficus macrophylla,http://en.wikipedia.org/wiki/Ficus_macrophylla
Hymenosporum,http://en.wikipedia.org/wiki/Hymenosporum
Fraxinus pennsylvanica,http://en.wikipedia.org/wiki/Fraxinus_pennsylvanica
Casuarinaceae,http://en.wikipedia.org/wiki/Casuarinaceae
Ficus rubiginosa,http://en.wikipedia.org/wiki/Ficus_rubiginosa
Arboreal locomotion,http://en.wikipedia.org/wiki/Arboreal_locomotion
Lagarostrobos,http://en.wikipedia.org/wiki/Lagarostrobos
Elfin forest,http://en.wikipedia.org/wiki/Elfin_forest
Quercus palustris,http://en.wikipedia.org/wiki/Quercus_palustris
Hibiscus splendens,http://en.wikipedia.org/wiki/Hibiscus_splendens
Carapa,http://en.wikipedia.org/wiki/Carapa
Cupressus lusitanica,http://en.wikipedia.org/wiki/Cupressus_lusitanica
Cajeput tree,http://en.wikipedia.org/wiki/Cajeput_tree
Protea caffra,http://en.wikipedia.org/wiki/Protea_caffra
Dipterocarpus,http://en.wikipedia.org/wiki/Dipterocarpus
Acer monspessulanum,http://en.wikipedia.org/wiki/Acer_monspessulanum
Podocarpus henkelii,http://en.wikipedia.org/wiki/Podocarpus_henkelii
Cercis occidentalis,http://en.wikipedia.org/wiki/Cercis_occidentalis
Querquetulanae,http://en.wikipedia.org/wiki/Querquetulanae
Quercus engelmannii,http://en.wikipedia.org/wiki/Quercus_engelmannii
Dryobalanops,http://en.wikipedia.org/wiki/Dryobalanops
Dipterocarpaceae,http://en.wikipedia.org/wiki/Dipterocarpaceae
Woodworking,http://en.wikipedia.org/wiki/Woodworking
Beaucarnea recurvata,http://en.wikipedia.org/wiki/Beaucarnea_recurvata
Broussonetia,http://en.wikipedia.org/wiki/Broussonetia
Durio dulcis,http://en.wikipedia.org/wiki/Durio_dulcis
Nemeton,http://en.wikipedia.org/wiki/Nemeton
Aloe barberae,http://en.wikipedia.org/wiki/Aloe_barberae
Neobalanocarpus,http://en.wikipedia.org/wiki/Neobalanocarpus
Acioa edulis,http://en.wikipedia.org/wiki/Acioa_edulis
Vessel element,http://en.wikipedia.org/wiki/Vessel_element
Litsea cubeba,http://en.wikipedia.org/wiki/Litsea_cubeba
Quercus agrifolia,http://en.wikipedia.org/wiki/Quercus_agrifolia
Bagassa,http://en.wikipedia.org/wiki/Bagassa
Bursaphelenchus cocophilus,http://en.wikipedia.org/wiki/Bursaphelenchus_cocophilus
Aesculus hippocastanum,http://en.wikipedia.org/wiki/Aesculus_hippocastanum
Cornus kousa,http://en.wikipedia.org/wiki/Cornus_kousa
Ocotea porosa,http://en.wikipedia.org/wiki/Ocotea_porosa
Gerichtslinde,http://en.wikipedia.org/wiki/Gerichtslinde
Plant sap,http://en.wikipedia.org/wiki/Plant_sap
Melaleuca nesophila,http://en.wikipedia.org/wiki/Melaleuca_nesophila
Bosquet,http://en.wikipedia.org/wiki/Bosquet
Weeping Beech,http://en.wikipedia.org/wiki/Weeping_Beech
Calodendrum capense,http://en.wikipedia.org/wiki/Calodendrum_capense
Ceroxylon quindiuense,http://en.wikipedia.org/wiki/Ceroxylon_quindiuense
Drimys winteri,http://en.wikipedia.org/wiki/Drimys_winteri
Prunus serrulata,http://en.wikipedia.org/wiki/Prunus_serrulata
Forest bathing,http://en.wikipedia.org/wiki/Forest_bathing
Aristotelia serrata,http://en.wikipedia.org/wiki/Aristotelia_serrata
Citron,http://en.wikipedia.org/wiki/Citron
Podocarpus nubigenus,http://en.wikipedia.org/wiki/Podocarpus_nubigenus
Leucadendron argenteum,http://en.wikipedia.org/wiki/Leucadendron_argenteum
Laburnum anagyroides,http://en.wikipedia.org/wiki/Laburnum_anagyroides
Cupressus dupreziana,http://en.wikipedia.org/wiki/Cupressus_dupreziana
Chionanthus retusus,http://en.wikipedia.org/wiki/Chionanthus_retusus
Loquat,http://en.wikipedia.org/wiki/Loquat
Abies amabilis,http://en.wikipedia.org/wiki/Abies_amabilis
Crataegus sanguinea,http://en.wikipedia.org/wiki/Crataegus_sanguinea
Sandalwood,http://en.wikipedia.org/wiki/Sandalwood
Maple decline,http://en.wikipedia.org/wiki/Maple_decline
Jungle,http://en.wikipedia.org/wiki/Jungle
Brahea armata,http://en.wikipedia.org/wiki/Brahea_armata
Fagus sylvatica,http://en.wikipedia.org/wiki/Fagus_sylvatica
Quercus libani,http://en.wikipedia.org/wiki/Quercus_libani
Magnolia grandiflora,http://en.wikipedia.org/wiki/Magnolia_grandiflora
Elaeocarpus serratus,http://en.wikipedia.org/wiki/Elaeocarpus_serratus
Driftwood,http://en.wikipedia.org/wiki/Driftwood
Fraxinus ornus,http://en.wikipedia.org/wiki/Fraxinus_ornus
Pilgerodendron,http://en.wikipedia.org/wiki/Pilgerodendron
Prunus incisa,http://en.wikipedia.org/wiki/Prunus_incisa
Quercus kelloggii,http://en.wikipedia.org/wiki/Quercus_kelloggii
Aloe plicatilis,http://en.wikipedia.org/wiki/Aloe_plicatilis
Cyathea dealbata,http://en.wikipedia.org/wiki/Cyathea_dealbata
Goncalo alves,http://en.wikipedia.org/wiki/Goncalo_alves
Podocarpus lawrencei,http://en.wikipedia.org/wiki/Podocarpus_lawrencei
Stangeriaceae,http://en.wikipedia.org/wiki/Stangeriaceae
Nothofagus menziesii,http://en.wikipedia.org/wiki/Nothofagus_menziesii
Fagaceae,http://en.wikipedia.org/wiki/Fagaceae
Board foot,http://en.wikipedia.org/wiki/Board_foot
Robinia pseudoacacia,http://en.wikipedia.org/wiki/Robinia_pseudoacacia
Lophostemon confertus,http://en.wikipedia.org/wiki/Lophostemon_confertus
Plinia edulis,http://en.wikipedia.org/wiki/Plinia_edulis
Cupressus cashmeriana,http://en.wikipedia.org/wiki/Cupressus_cashmeriana
Banksia grandis,http://en.wikipedia.org/wiki/Banksia_grandis
Nothofagus betuloides,http://en.wikipedia.org/wiki/Nothofagus_betuloides
Stara Maslina,http://en.wikipedia.org/wiki/Stara_Maslina
Agonis flexuosa,http://en.wikipedia.org/wiki/Agonis_flexuosa
Laurus nobilis,http://en.wikipedia.org/wiki/Laurus_nobilis
Dodonaea viscosa,http://en.wikipedia.org/wiki/Dodonaea_viscosa
Prunus maackii,http://en.wikipedia.org/wiki/Prunus_maackii
Catalpa speciosa,http://en.wikipedia.org/wiki/Catalpa_speciosa
Quercus macrocarpa,http://en.wikipedia.org/wiki/Quercus_macrocarpa
Ravenala,http://en.wikipedia.org/wiki/Ravenala
Cedrus libani,http://en.wikipedia.org/wiki/Cedrus_libani
Metrosideros umbellata,http://en.wikipedia.org/wiki/Metrosideros_umbellata
Brachychiton acerifolius,http://en.wikipedia.org/wiki/Brachychiton_acerifolius
Celtis reticulata,http://en.wikipedia.org/wiki/Celtis_reticulata
Afzelia,http://en.wikipedia.org/wiki/Afzelia
Lenticel,http://en.wikipedia.org/wiki/Lenticel
Olinia ventosa,http://en.wikipedia.org/wiki/Olinia_ventosa
Jacaranda mimosifolia,http://en.wikipedia.org/wiki/Jacaranda_mimosifolia
Angophora hispida,http://en.wikipedia.org/wiki/Angophora_hispida
Abies numidica,http://en.wikipedia.org/wiki/Abies_numidica
Corylus cornuta,http://en.wikipedia.org/wiki/Corylus_cornuta
Brachychiton populneus,http://en.wikipedia.org/wiki/Brachychiton_populneus
Forest-savanna mosaic,http://en.wikipedia.org/wiki/Forest-savanna_mosaic
Krugiodendron ferreum,http://en.wikipedia.org/wiki/Krugiodendron_ferreum
Callitris columellaris,http://en.wikipedia.org/wiki/Callitris_columellaris
Rapanea melanophloeos,http://en.wikipedia.org/wiki/Rapanea_melanophloeos
Picea glauca,http://en.wikipedia.org/wiki/Picea_glauca
Diospyros sandwicensis,http://en.wikipedia.org/wiki/Diospyros_sandwicensis
Crataegus phaenopyrum,http://en.wikipedia.org/wiki/Crataegus_phaenopyrum
Pleiogynium timorense,http://en.wikipedia.org/wiki/Pleiogynium_timorense
Quercus durata,http://en.wikipedia.org/wiki/Quercus_durata
Nariphon,http://en.wikipedia.org/wiki/Nariphon
Maytenus boaria,http://en.wikipedia.org/wiki/Maytenus_boaria
Brachychiton rupestris,http://en.wikipedia.org/wiki/Brachychiton_rupestris
Acacia vestita,http://en.wikipedia.org/wiki/Acacia_vestita
Rubberwood,http://en.wikipedia.org/wiki/Rubberwood
Cyathea cooperi,http://en.wikipedia.org/wiki/Cyathea_cooperi
Sequoiafarm Kaldenkirchen,http://en.wikipedia.org/wiki/Sequoiafarm_Kaldenkirchen
Quercus coccinea,http://en.wikipedia.org/wiki/Quercus_coccinea
Metrosideros bartlettii,http://en.wikipedia.org/wiki/Metrosideros_bartlettii
Pollarding,http://en.wikipedia.org/wiki/Pollarding
Araucaria araucana,http://en.wikipedia.org/wiki/Araucaria_araucana
Cedar wood,http://en.wikipedia.org/wiki/Cedar_wood
Athertonia diversifolia,http://en.wikipedia.org/wiki/Athertonia_diversifolia
MegaFlora tree,http://en.wikipedia.org/wiki/MegaFlora_tree
Corymbia,http://en.wikipedia.org/wiki/Corymbia
Populus fremontii,http://en.wikipedia.org/wiki/Populus_fremontii
Pleaching,http://en.wikipedia.org/wiki/Pleaching
Bowenia,http://en.wikipedia.org/wiki/Bowenia
Pittosporum,http://en.wikipedia.org/wiki/Pittosporum
Massenerhebung effect,http://en.wikipedia.org/wiki/Massenerhebung_effect
Cordia boissieri,http://en.wikipedia.org/wiki/Cordia_boissieri
Cordyline,http://en.wikipedia.org/wiki/Cordyline
Paper mulberry,http://en.wikipedia.org/wiki/Paper_mulberry
Wood grain,http://en.wikipedia.org/wiki/Wood_grain
Capparis decidua,http://en.wikipedia.org/wiki/Capparis_decidua
Cyathea delgadii,http://en.wikipedia.org/wiki/Cyathea_delgadii
Malus sylvestris,http://en.wikipedia.org/wiki/Malus_sylvestris
Zebrawood,http://en.wikipedia.org/wiki/Zebrawood
Pinus nigra,http://en.wikipedia.org/wiki/Pinus_nigra
Chamaecyparis obtusa,http://en.wikipedia.org/wiki/Chamaecyparis_obtusa
Chamaecyparis lawsoniana,http://en.wikipedia.org/wiki/Chamaecyparis_lawsoniana
Annona purpurea,http://en.wikipedia.org/wiki/Annona_purpurea
Coniferous swamp,http://en.wikipedia.org/wiki/Coniferous_swamp
Chiranthodendron,http://en.wikipedia.org/wiki/Chiranthodendron
Cunonia capensis,http://en.wikipedia.org/wiki/Cunonia_capensis
Acrocomia media,http://en.wikipedia.org/wiki/Acrocomia_media
Ilex opaca,http://en.wikipedia.org/wiki/Ilex_opaca
Ficus benjamina,http://en.wikipedia.org/wiki/Ficus_benjamina
Firmiana simplex,http://en.wikipedia.org/wiki/Firmiana_simplex
Buddha's hand,http://en.wikipedia.org/wiki/Buddha's_hand
Catalpa bignonioides,http://en.wikipedia.org/wiki/Catalpa_bignonioides
Cyathea australis,http://en.wikipedia.org/wiki/Cyathea_australis
Quercus pontica,http://en.wikipedia.org/wiki/Quercus_pontica
Pseudophoenix sargentii,http://en.wikipedia.org/wiki/Pseudophoenix_sargentii
Intraspecific antagonism,http://en.wikipedia.org/wiki/Intraspecific_antagonism
Log driving,http://en.wikipedia.org/wiki/Log_driving
Antidesma bunius,http://en.wikipedia.org/wiki/Antidesma_bunius
Nyssa sylvatica,http://en.wikipedia.org/wiki/Nyssa_sylvatica
Spondias purpurea,http://en.wikipedia.org/wiki/Spondias_purpurea
Chionanthus,http://en.wikipedia.org/wiki/Chionanthus
Forest pathology,http://en.wikipedia.org/wiki/Forest_pathology
Annona coriacea,http://en.wikipedia.org/wiki/Annona_coriacea
Quercus douglasii,http://en.wikipedia.org/wiki/Quercus_douglasii
Nyctanthes arbor-tristis,http://en.wikipedia.org/wiki/Nyctanthes_arbor-tristis
Sabal palmetto,http://en.wikipedia.org/wiki/Sabal_palmetto
Quercus frainetto,http://en.wikipedia.org/wiki/Quercus_frainetto
Cupaniopsis anacardioides,http://en.wikipedia.org/wiki/Cupaniopsis_anacardioides
Dalbergia melanoxylon,http://en.wikipedia.org/wiki/Dalbergia_melanoxylon
Garcinia dulcis,http://en.wikipedia.org/wiki/Garcinia_dulcis
Abies nordmanniana,http://en.wikipedia.org/wiki/Abies_nordmanniana
Buxaceae,http://en.wikipedia.org/wiki/Buxaceae
Chilopsis,http://en.wikipedia.org/wiki/Chilopsis
Buddleja saligna,http://en.wikipedia.org/wiki/Buddleja_saligna
Diospyros kaki,http://en.wikipedia.org/wiki/Diospyros_kaki
Fraxinus velutina,http://en.wikipedia.org/wiki/Fraxinus_velutina
Crinodendron hookerianum,http://en.wikipedia.org/wiki/Crinodendron_hookerianum
Coccothrinax barbadensis,http://en.wikipedia.org/wiki/Coccothrinax_barbadensis
Jinmenju,http://en.wikipedia.org/wiki/Jinmenju
Parkinsonia florida,http://en.wikipedia.org/wiki/Parkinsonia_florida
Ascarina,http://en.wikipedia.org/wiki/Ascarina
Krummholz,http://en.wikipedia.org/wiki/Krummholz
Alloxylon flammeum,http://en.wikipedia.org/wiki/Alloxylon_flammeum
Picea schrenkiana,http://en.wikipedia.org/wiki/Picea_schrenkiana
Palm-leaf manuscript,http://en.wikipedia.org/wiki/Palm-leaf_manuscript
Oenocarpus bacaba,http://en.wikipedia.org/wiki/Oenocarpus_bacaba
Eucalyptus caesia,http://en.wikipedia.org/wiki/Eucalyptus_caesia
Castilla elastica,http://en.wikipedia.org/wiki/Castilla_elastica
Angophora costata,http://en.wikipedia.org/wiki/Angophora_costata
Callistophytales,http://en.wikipedia.org/wiki/Callistophytales
Syzygium oleosum,http://en.wikipedia.org/wiki/Syzygium_oleosum
Prumnopitys andina,http://en.wikipedia.org/wiki/Prumnopitys_andina
Eucalyptus globulus,http://en.wikipedia.org/wiki/Eucalyptus_globulus
Ilex aquifolium,http://en.wikipedia.org/wiki/Ilex_aquifolium
Antiaris,http://en.wikipedia.org/wiki/Antiaris
Lacewood,http://en.wikipedia.org/wiki/Lacewood
Coprosma robusta,http://en.wikipedia.org/wiki/Coprosma_robusta
Broussonetia papyrifera,http://en.wikipedia.org/wiki/Broussonetia_papyrifera
Angophora bakeri,http://en.wikipedia.org/wiki/Angophora_bakeri
Hickory,http://en.wikipedia.org/wiki/Hickory
Zamiaceae,http://en.wikipedia.org/wiki/Zamiaceae
Pterocarpus santalinus,http://en.wikipedia.org/wiki/Pterocarpus_santalinus
Quercus pyrenaica,http://en.wikipedia.org/wiki/Quercus_pyrenaica
Detarium,http://en.wikipedia.org/wiki/Detarium
Harpullia pendula,http://en.wikipedia.org/wiki/Harpullia_pendula
Alnus glutinosa,http://en.wikipedia.org/wiki/Alnus_glutinosa
Pseudopanax ferox,http://en.wikipedia.org/wiki/Pseudopanax_ferox
Magnolia tripetala,http://en.wikipedia.org/wiki/Magnolia_tripetala
Tulipwood,http://en.wikipedia.org/wiki/Tulipwood
Araucaria bidwillii,http://en.wikipedia.org/wiki/Araucaria_bidwillii
Stangeria,http://en.wikipedia.org/wiki/Stangeria
Dendrology,http://en.wikipedia.org/wiki/Dendrology
Juniperus recurva,http://en.wikipedia.org/wiki/Juniperus_recurva
Banksia littoralis,http://en.wikipedia.org/wiki/Banksia_littoralis
Archontophoenix alexandrae,http://en.wikipedia.org/wiki/Archontophoenix_alexandrae
Parrotia,http://en.wikipedia.org/wiki/Parrotia
Gopher wood,http://en.wikipedia.org/wiki/Gopher_wood
Ficus dammaropsis,http://en.wikipedia.org/wiki/Ficus_dammaropsis
Dicksonia,http://en.wikipedia.org/wiki/Dicksonia
Encephalartos transvenosus,http://en.wikipedia.org/wiki/Encephalartos_transvenosus
Diospyros whyteana,http://en.wikipedia.org/wiki/Diospyros_whyteana
Cherry plum,http://en.wikipedia.org/wiki/Cherry_plum
Michelia doltsopa,http://en.wikipedia.org/wiki/Michelia_doltsopa
Ceroxylon,http://en.wikipedia.org/wiki/Ceroxylon
Betula utilis,http://en.wikipedia.org/wiki/Betula_utilis
Quercus variabilis,http://en.wikipedia.org/wiki/Quercus_variabilis
Eucalyptus deglupta,http://en.wikipedia.org/wiki/Eucalyptus_deglupta
Macaranga tanarius,http://en.wikipedia.org/wiki/Macaranga_tanarius
Kiidk'yaas,http://en.wikipedia.org/wiki/Kiidk'yaas
Wooden box,http://en.wikipedia.org/wiki/Wooden_box
Pinus patula,http://en.wikipedia.org/wiki/Pinus_patula
Bulnesia sarmientoi,http://en.wikipedia.org/wiki/Bulnesia_sarmientoi
Melicope elleryana,http://en.wikipedia.org/wiki/Melicope_elleryana
Araucaria angustifolia,http://en.wikipedia.org/wiki/Araucaria_angustifolia
Betulaceae,http://en.wikipedia.org/wiki/Betulaceae
Quararibea cordata,http://en.wikipedia.org/wiki/Quararibea_cordata
Nairobi Arboretum,http://en.wikipedia.org/wiki/Nairobi_Arboretum
Chionanthus virginicus,http://en.wikipedia.org/wiki/Chionanthus_virginicus
Frost crack,http://en.wikipedia.org/wiki/Frost_crack
Podocarpus nivalis,http://en.wikipedia.org/wiki/Podocarpus_nivalis
Dicksonia squarrosa,http://en.wikipedia.org/wiki/Dicksonia_squarrosa
Dendroclimatology,http://en.wikipedia.org/wiki/Dendroclimatology
Desmoncus,http://en.wikipedia.org/wiki/Desmoncus
Araucaria columnaris,http://en.wikipedia.org/wiki/Araucaria_columnaris
Flindersia maculosa,http://en.wikipedia.org/wiki/Flindersia_maculosa
Lagerstroemia indica,http://en.wikipedia.org/wiki/Lagerstroemia_indica
Ceratonia,http://en.wikipedia.org/wiki/Ceratonia
Pinus sabiniana,http://en.wikipedia.org/wiki/Pinus_sabiniana
Diospyros decandra,http://en.wikipedia.org/wiki/Diospyros_decandra
Livistona chinensis,http://en.wikipedia.org/wiki/Livistona_chinensis
Mambonsai,http://en.wikipedia.org/wiki/Mambonsai
Druid oak,http://en.wikipedia.org/wiki/Druid_oak
Fraxinus mandschurica,http://en.wikipedia.org/wiki/Fraxinus_mandschurica
Livistona australis,http://en.wikipedia.org/wiki/Livistona_australis
Callistemon viminalis,http://en.wikipedia.org/wiki/Callistemon_viminalis
Macrozamia,http://en.wikipedia.org/wiki/Macrozamia
Elaeocarpus eumundi,http://en.wikipedia.org/wiki/Elaeocarpus_eumundi
Melaleuca ericifolia,http://en.wikipedia.org/wiki/Melaleuca_ericifolia
Palm wine,http://en.wikipedia.org/wiki/Palm_wine
Juniperus californica,http://en.wikipedia.org/wiki/Juniperus_californica
Durio grandiflorus,http://en.wikipedia.org/wiki/Durio_grandiflorus
Populus nigra,http://en.wikipedia.org/wiki/Populus_nigra
Populus trichocarpa,http://en.wikipedia.org/wiki/Populus_trichocarpa
Penjing,http://en.wikipedia.org/wiki/Penjing
Maytenus magellanica,http://en.wikipedia.org/wiki/Maytenus_magellanica
Podocarpus latifolius,http://en.wikipedia.org/wiki/Podocarpus_latifolius
Quercus macranthera,http://en.wikipedia.org/wiki/Quercus_macranthera
Chlorocardium rodiei,http://en.wikipedia.org/wiki/Chlorocardium_rodiei
Xylotheque,http://en.wikipedia.org/wiki/Xylotheque
Stepanavan Dendropark,http://en.wikipedia.org/wiki/Stepanavan_Dendropark
Platycladus,http://en.wikipedia.org/wiki/Platycladus
Embothrium coccineum,http://en.wikipedia.org/wiki/Embothrium_coccineum
Alchornea ilicifolia,http://en.wikipedia.org/wiki/Alchornea_ilicifolia
Flindersia xanthoxyla,http://en.wikipedia.org/wiki/Flindersia_xanthoxyla
Pinus pseudostrobus,http://en.wikipedia.org/wiki/Pinus_pseudostrobus
Citronella mucronata,http://en.wikipedia.org/wiki/Citronella_mucronata
Mesquite,http://en.wikipedia.org/wiki/Mesquite
Banksia serrata,http://en.wikipedia.org/wiki/Banksia_serrata
Erythrina lysistemon,http://en.wikipedia.org/wiki/Erythrina_lysistemon
Crinodendron patagua,http://en.wikipedia.org/wiki/Crinodendron_patagua
Cinchona ledgeriana,http://en.wikipedia.org/wiki/Cinchona_ledgeriana
Dysoxylum fraserianum,http://en.wikipedia.org/wiki/Dysoxylum_fraserianum
Astrocaryum aculeatum,http://en.wikipedia.org/wiki/Astrocaryum_aculeatum
Combretum micranthum,http://en.wikipedia.org/wiki/Combretum_micranthum
Melaleuca armillaris,http://en.wikipedia.org/wiki/Melaleuca_armillaris
Melaleuca leucadendra,http://en.wikipedia.org/wiki/Melaleuca_leucadendra
Calamondin,http://en.wikipedia.org/wiki/Calamondin
Juglandaceae,http://en.wikipedia.org/wiki/Juglandaceae
Heart pine,http://en.wikipedia.org/wiki/Heart_pine
Ficus sycomorus,http://en.wikipedia.org/wiki/Ficus_sycomorus
Duffie Oak,http://en.wikipedia.org/wiki/Duffie_Oak
Alectryon macrococcus,http://en.wikipedia.org/wiki/Alectryon_macrococcus
Eriobotrya,http://en.wikipedia.org/wiki/Eriobotrya
Flame maple,http://en.wikipedia.org/wiki/Flame_maple
Copernicia prunifera,http://en.wikipedia.org/wiki/Copernicia_prunifera
Podocarpus macrophyllus,http://en.wikipedia.org/wiki/Podocarpus_macrophyllus
Grumichama,http://en.wikipedia.org/wiki/Grumichama
Lepidodendron,http://en.wikipedia.org/wiki/Lepidodendron
Coulter pine,http://en.wikipedia.org/wiki/Coulter_pine
Arboriculture,http://en.wikipedia.org/wiki/Arboriculture
Brachychiton discolor,http://en.wikipedia.org/wiki/Brachychiton_discolor
Fagus grandifolia,http://en.wikipedia.org/wiki/Fagus_grandifolia
Avicennia officinalis,http://en.wikipedia.org/wiki/Avicennia_officinalis
Glastonbury Thorn,http://en.wikipedia.org/wiki/Glastonbury_Thorn
Phytophthora kernoviae,http://en.wikipedia.org/wiki/Phytophthora_kernoviae
Pandanus utilis,http://en.wikipedia.org/wiki/Pandanus_utilis
Cryptocarya laevigata,http://en.wikipedia.org/wiki/Cryptocarya_laevigata
Pinus monophylla,http://en.wikipedia.org/wiki/Pinus_monophylla
Wilding conifer,http://en.wikipedia.org/wiki/Wilding_conifer
Maniltoa lenticellata,http://en.wikipedia.org/wiki/Maniltoa_lenticellata
Daphne,http://en.wikipedia.org/wiki/Daphne
Eugenia luschnathiana,http://en.wikipedia.org/wiki/Eugenia_luschnathiana
Baccaurea macrocarpa,http://en.wikipedia.org/wiki/Baccaurea_macrocarpa
Parkinsonia microphylla,http://en.wikipedia.org/wiki/Parkinsonia_microphylla
Platanaceae,http://en.wikipedia.org/wiki/Platanaceae
Bauhinia blakeana,http://en.wikipedia.org/wiki/Bauhinia_blakeana
Coccothrinax argentata,http://en.wikipedia.org/wiki/Coccothrinax_argentata
Rhus lancea,http://en.wikipedia.org/wiki/Rhus_lancea
Hard maple,http://en.wikipedia.org/wiki/Hard_maple
Dryobalanops aromatica,http://en.wikipedia.org/wiki/Dryobalanops_aromatica
Pinus rigida,http://en.wikipedia.org/wiki/Pinus_rigida
Rattan,http://en.wikipedia.org/wiki/Rattan
Ficus lyrata,http://en.wikipedia.org/wiki/Ficus_lyrata
Cycadaceae,http://en.wikipedia.org/wiki/Cycadaceae
Anopterus glandulosus,http://en.wikipedia.org/wiki/Anopterus_glandulosus
Placospermum,http://en.wikipedia.org/wiki/Placospermum
Brachyglottis repanda,http://en.wikipedia.org/wiki/Brachyglottis_repanda
Pinus mugo,http://en.wikipedia.org/wiki/Pinus_mugo
Camptotheca,http://en.wikipedia.org/wiki/Camptotheca
Encephalartos sclavoi,http://en.wikipedia.org/wiki/Encephalartos_sclavoi
Allocasuarina luehmannii,http://en.wikipedia.org/wiki/Allocasuarina_luehmannii
Acer macrophyllum,http://en.wikipedia.org/wiki/Acer_macrophyllum
Clerodendrum floribundum,http://en.wikipedia.org/wiki/Clerodendrum_floribundum
Lignum nephriticum,http://en.wikipedia.org/wiki/Lignum_nephriticum
Ficus coronata,http://en.wikipedia.org/wiki/Ficus_coronata
Atractocarpus fitzalanii,http://en.wikipedia.org/wiki/Atractocarpus_fitzalanii
Allocasuarina torulosa,http://en.wikipedia.org/wiki/Allocasuarina_torulosa
Enterolobium cyclocarpum,http://en.wikipedia.org/wiki/Enterolobium_cyclocarpum
Elaeocarpus bancroftii,http://en.wikipedia.org/wiki/Elaeocarpus_bancroftii
Ficus microcarpa,http://en.wikipedia.org/wiki/Ficus_microcarpa
Aloe dichotoma,http://en.wikipedia.org/wiki/Aloe_dichotoma
Paulownia,http://en.wikipedia.org/wiki/Paulownia
Pittosporum angustifolium,http://en.wikipedia.org/wiki/Pittosporum_angustifolium
Coconut timber,http://en.wikipedia.org/wiki/Coconut_timber
Alangiaceae,http://en.wikipedia.org/wiki/Alangiaceae
Pinus clausa,http://en.wikipedia.org/wiki/Pinus_clausa
Bombacopsis,http://en.wikipedia.org/wiki/Bombacopsis
Brachychiton paradoxus,http://en.wikipedia.org/wiki/Brachychiton_paradoxus
Pinus aristata,http://en.wikipedia.org/wiki/Pinus_aristata
Davie Poplar,http://en.wikipedia.org/wiki/Davie_Poplar
Rubber tapping,http://en.wikipedia.org/wiki/Rubber_tapping
Rhodosphaera rhodanthema,http://en.wikipedia.org/wiki/Rhodosphaera_rhodanthema
Magnolia stellata,http://en.wikipedia.org/wiki/Magnolia_stellata
Acacia melanoxylon,http://en.wikipedia.org/wiki/Acacia_melanoxylon
Hakea laurina,http://en.wikipedia.org/wiki/Hakea_laurina
Phytophthora alni,http://en.wikipedia.org/wiki/Phytophthora_alni
Alnus cordata,http://en.wikipedia.org/wiki/Alnus_cordata
Zestar Apple,http://en.wikipedia.org/wiki/Zestar_Apple
Acacia elata,http://en.wikipedia.org/wiki/Acacia_elata
Amalaka Ekadashi,http://en.wikipedia.org/wiki/Amalaka_Ekadashi
Comfort Maple,http://en.wikipedia.org/wiki/Comfort_Maple
Aesculus flava,http://en.wikipedia.org/wiki/Aesculus_flava
Living stump,http://en.wikipedia.org/wiki/Living_stump
Ficus Ruminalis,http://en.wikipedia.org/wiki/Ficus_Ruminalis
Acer circinatum,http://en.wikipedia.org/wiki/Acer_circinatum
Branch collar,http://en.wikipedia.org/wiki/Branch_collar
Magnolia kobus,http://en.wikipedia.org/wiki/Magnolia_kobus
Nakshatra Van,http://en.wikipedia.org/wiki/Nakshatra_Van
Magnolia virginiana,http://en.wikipedia.org/wiki/Magnolia_virginiana
Juglans hindsii,http://en.wikipedia.org/wiki/Juglans_hindsii
Citrus glauca,http://en.wikipedia.org/wiki/Citrus_glauca
Cochlospermum,http://en.wikipedia.org/wiki/Cochlospermum
Aesculus californica,http://en.wikipedia.org/wiki/Aesculus_californica
Bark-galling,http://en.wikipedia.org/wiki/Bark-galling
Coppicing,http://en.wikipedia.org/wiki/Coppicing
Joanna Rajkowska,http://en.wikipedia.org/wiki/Joanna_Rajkowska
Xylopia aethiopica,http://en.wikipedia.org/wiki/Xylopia_aethiopica
Corymbia ficifolia,http://en.wikipedia.org/wiki/Corymbia_ficifolia
Pinus brutia,http://en.wikipedia.org/wiki/Pinus_brutia
Syzygium aqueum,http://en.wikipedia.org/wiki/Syzygium_aqueum
Dovyalis caffra,http://en.wikipedia.org/wiki/Dovyalis_caffra
Cyathea brownii,http://en.wikipedia.org/wiki/Cyathea_brownii
Annona cacans,http://en.wikipedia.org/wiki/Annona_cacans
Halleria lucida,http://en.wikipedia.org/wiki/Halleria_lucida
Alnus rhombifolia,http://en.wikipedia.org/wiki/Alnus_rhombifolia
Pinus virginiana,http://en.wikipedia.org/wiki/Pinus_virginiana
Satsuki azalea,http://en.wikipedia.org/wiki/Satsuki_azalea
Archontophoenix cunninghamiana,http://en.wikipedia.org/wiki/Archontophoenix_cunninghamiana
Angophora floribunda,http://en.wikipedia.org/wiki/Angophora_floribunda
Pinus thunbergii,http://en.wikipedia.org/wiki/Pinus_thunbergii
Nothofagus fusca,http://en.wikipedia.org/wiki/Nothofagus_fusca
Wilson Pinheiro,http://en.wikipedia.org/wiki/Wilson_Pinheiro
Nothofagus alpina,http://en.wikipedia.org/wiki/Nothofagus_alpina
Dicksonia antarctica,http://en.wikipedia.org/wiki/Dicksonia_antarctica
Ficus tinctoria,http://en.wikipedia.org/wiki/Ficus_tinctoria
Banksia seminuda,http://en.wikipedia.org/wiki/Banksia_seminuda
Lignum vitae,http://en.wikipedia.org/wiki/Lignum_vitae
Nothofagus moorei,http://en.wikipedia.org/wiki/Nothofagus_moorei
Rhus pendulina,http://en.wikipedia.org/wiki/Rhus_pendulina
Aesculus indica,http://en.wikipedia.org/wiki/Aesculus_indica
Magnolia macrophylla,http://en.wikipedia.org/wiki/Magnolia_macrophylla
Attalea cohune,http://en.wikipedia.org/wiki/Attalea_cohune
Aspidosperma quebracho-blanco,http://en.wikipedia.org/wiki/Aspidosperma_quebracho-blanco
Acacia pendula,http://en.wikipedia.org/wiki/Acacia_pendula
Corymbia citriodora,http://en.wikipedia.org/wiki/Corymbia_citriodora
Pinus contorta,http://en.wikipedia.org/wiki/Pinus_contorta
Eucalyptus gunnii,http://en.wikipedia.org/wiki/Eucalyptus_gunnii
Catalpa bungei,http://en.wikipedia.org/wiki/Catalpa_bungei
Nothofagus dombeyi,http://en.wikipedia.org/wiki/Nothofagus_dombeyi
Citrus myrtifolia,http://en.wikipedia.org/wiki/Citrus_myrtifolia
Cryptocarya alba,http://en.wikipedia.org/wiki/Cryptocarya_alba
Ficus platypoda,http://en.wikipedia.org/wiki/Ficus_platypoda
Woodland,http://en.wikipedia.org/wiki/Woodland
Cordia alliodora,http://en.wikipedia.org/wiki/Cordia_alliodora
Cocos nucifera,http://en.wikipedia.org/wiki/Cocos_nucifera
Juglans californica,http://en.wikipedia.org/wiki/Juglans_californica
Decaspermum humile,http://en.wikipedia.org/wiki/Decaspermum_humile
Eucalyptus pauciflora,http://en.wikipedia.org/wiki/Eucalyptus_pauciflora
Litsea bindoniana,http://en.wikipedia.org/wiki/Litsea_bindoniana
Nothofagus pumilio,http://en.wikipedia.org/wiki/Nothofagus_pumilio
Polyscias murrayi,http://en.wikipedia.org/wiki/Polyscias_murrayi
Cordia africana,http://en.wikipedia.org/wiki/Cordia_africana
Platanus wrightii,http://en.wikipedia.org/wiki/Platanus_wrightii
Psidium cattleianum,http://en.wikipedia.org/wiki/Psidium_cattleianum
Calamander wood,http://en.wikipedia.org/wiki/Calamander_wood
Magnolia denudata,http://en.wikipedia.org/wiki/Magnolia_denudata
Nothofagus obliqua,http://en.wikipedia.org/wiki/Nothofagus_obliqua
Syzygium australe,http://en.wikipedia.org/wiki/Syzygium_australe
Sidrat al-Muntaha,http://en.wikipedia.org/wiki/Sidrat_al-Muntaha
Casuarina glauca,http://en.wikipedia.org/wiki/Casuarina_glauca
Red sandalwood,http://en.wikipedia.org/wiki/Red_sandalwood
Pinus sibirica,http://en.wikipedia.org/wiki/Pinus_sibirica
Geijera parviflora,http://en.wikipedia.org/wiki/Geijera_parviflora
Laburnum alpinum,http://en.wikipedia.org/wiki/Laburnum_alpinum
Malus floribunda,http://en.wikipedia.org/wiki/Malus_floribunda
Coprosma lucida,http://en.wikipedia.org/wiki/Coprosma_lucida
Cussonia spicata,http://en.wikipedia.org/wiki/Cussonia_spicata
Ficus watkinsiana,http://en.wikipedia.org/wiki/Ficus_watkinsiana
Eucalyptus elata,http://en.wikipedia.org/wiki/Eucalyptus_elata
Rhus leptodictya,http://en.wikipedia.org/wiki/Rhus_leptodictya
Resin extraction,http://en.wikipedia.org/wiki/Resin_extraction
Magnolia delavayi,http://en.wikipedia.org/wiki/Magnolia_delavayi
Magnolia wilsonii,http://en.wikipedia.org/wiki/Magnolia_wilsonii
Magnolia sieboldii,http://en.wikipedia.org/wiki/Magnolia_sieboldii
Paulownia elongata,http://en.wikipedia.org/wiki/Paulownia_elongata
Dicksonia fibrosa,http://en.wikipedia.org/wiki/Dicksonia_fibrosa
Ziziphus nummularia,http://en.wikipedia.org/wiki/Ziziphus_nummularia
Magnolia campbellii,http://en.wikipedia.org/wiki/Magnolia_campbellii
Miharu Takizakura,http://en.wikipedia.org/wiki/Miharu_Takizakura
Acacia stenophylla,http://en.wikipedia.org/wiki/Acacia_stenophylla
Salix 'Chrysocoma',http://en.wikipedia.org/wiki/Salix_'Chrysocoma'
Nothofagus antarctica,http://en.wikipedia.org/wiki/Nothofagus_antarctica
Kiggelaria africana,http://en.wikipedia.org/wiki/Kiggelaria_africana
Sycamore,http://en.wikipedia.org/wiki/Sycamore
Peltophorum dubium,http://en.wikipedia.org/wiki/Peltophorum_dubium
Cedrus atlantica,http://en.wikipedia.org/wiki/Cedrus_atlantica
Eucalyptus sideroxylon,http://en.wikipedia.org/wiki/Eucalyptus_sideroxylon
Dombeya rotundifolia,http://en.wikipedia.org/wiki/Dombeya_rotundifolia
Cyphostemma juttae,http://en.wikipedia.org/wiki/Cyphostemma_juttae
Eucalyptus scoparia,http://en.wikipedia.org/wiki/Eucalyptus_scoparia
Nothofagus cunninghamii,http://en.wikipedia.org/wiki/Nothofagus_cunninghamii
Eucalyptus leucoxylon,http://en.wikipedia.org/wiki/Eucalyptus_leucoxylon
Garcinia prainiana,http://en.wikipedia.org/wiki/Garcinia_prainiana
Podalyria calyptrata,http://en.wikipedia.org/wiki/Podalyria_calyptrata
Bauhinia forficata,http://en.wikipedia.org/wiki/Bauhinia_forficata
Softwood,http://en.wikipedia.org/wiki/Softwood
Eucalyptus nicholii,http://en.wikipedia.org/wiki/Eucalyptus_nicholii
Dipholis salicifolia,http://en.wikipedia.org/wiki/Dipholis_salicifolia
Magnolia dawsoniana,http://en.wikipedia.org/wiki/Magnolia_dawsoniana
Salix babylonica,http://en.wikipedia.org/wiki/Salix_babylonica
Hicksbeachia pinnatifolia,http://en.wikipedia.org/wiki/Hicksbeachia_pinnatifolia
Leopoldinia piassaba,http://en.wikipedia.org/wiki/Leopoldinia_piassaba
Myrciaria floribunda,http://en.wikipedia.org/wiki/Myrciaria_floribunda
Cinchona officinalis,http://en.wikipedia.org/wiki/Cinchona_officinalis
Ziziphus spina-christi,http://en.wikipedia.org/wiki/Ziziphus_spina-christi
Cercidiphyllum japonicum,http://en.wikipedia.org/wiki/Cercidiphyllum_japonicum
Astrocaryum murumuru,http://en.wikipedia.org/wiki/Astrocaryum_murumuru
Melaleuca linariifolia,http://en.wikipedia.org/wiki/Melaleuca_linariifolia
Omalanthus populifolius,http://en.wikipedia.org/wiki/Omalanthus_populifolius
Diploglottis campbellii,http://en.wikipedia.org/wiki/Diploglottis_campbellii
Astrocaryum chambira,http://en.wikipedia.org/wiki/Astrocaryum_chambira
Fusang,http://en.wikipedia.org/wiki/Fusang
Auranticarpa rhombifolia,http://en.wikipedia.org/wiki/Auranticarpa_rhombifolia
Gymnocladus dioicus,http://en.wikipedia.org/wiki/Gymnocladus_dioicus
Coccothrinax concolor,http://en.wikipedia.org/wiki/Coccothrinax_concolor
Salix alba,http://en.wikipedia.org/wiki/Salix_alba
Phytophthora ramorum,http://en.wikipedia.org/wiki/Phytophthora_ramorum
Aphanamixis polystachya,http://en.wikipedia.org/wiki/Aphanamixis_polystachya
Dunnage,http://en.wikipedia.org/wiki/Dunnage
Astronium fraxinifolium,http://en.wikipedia.org/wiki/Astronium_fraxinifolium
Brachychiton bidwillii,http://en.wikipedia.org/wiki/Brachychiton_bidwillii
Fatwood,http://en.wikipedia.org/wiki/Fatwood
Cocobolo,http://en.wikipedia.org/wiki/Cocobolo
Aril,http://en.wikipedia.org/wiki/Aril
Mokujin,http://en.wikipedia.org/wiki/Mokujin
Chicle,http://en.wikipedia.org/wiki/Chicle
Huorn,http://en.wikipedia.org/wiki/Huorn
Pistacia atlantica,http://en.wikipedia.org/wiki/Pistacia_atlantica
Wood lagging,http://en.wikipedia.org/wiki/Wood_lagging
Zamia,http://en.wikipedia.org/wiki/Zamia
Magnolia champaca,http://en.wikipedia.org/wiki/Magnolia_champaca
Nang Tani,http://en.wikipedia.org/wiki/Nang_Tani
Kapre,http://en.wikipedia.org/wiki/Kapre
Woody plant,http://en.wikipedia.org/wiki/Woody_plant
Nikau,http://en.wikipedia.org/wiki/Nikau
Gevuina,http://en.wikipedia.org/wiki/Gevuina
Sylvan,http://en.wikipedia.org/wiki/Sylvan
Annona montana,http://en.wikipedia.org/wiki/Annona_montana
Magnolia liliiflora,http://en.wikipedia.org/wiki/Magnolia_liliiflora
Bog-wood,http://en.wikipedia.org/wiki/Bog-wood
Babaco,http://en.wikipedia.org/wiki/Babaco
Clusia major,http://en.wikipedia.org/wiki/Clusia_major
Catalpa ovata,http://en.wikipedia.org/wiki/Catalpa_ovata
Diamond willow,http://en.wikipedia.org/wiki/Diamond_willow
Balsam Hill,http://en.wikipedia.org/wiki/Balsam_Hill
Luma apiculata,http://en.wikipedia.org/wiki/Luma_apiculata
Blood banana,http://en.wikipedia.org/wiki/Blood_banana
Fossil wood,http://en.wikipedia.org/wiki/Fossil_wood
Goshin,http://en.wikipedia.org/wiki/Goshin
Butia capitata,http://en.wikipedia.org/wiki/Butia_capitata
Dioon,http://en.wikipedia.org/wiki/Dioon
Akshayavat,http://en.wikipedia.org/wiki/Akshayavat
Sigillaria,http://en.wikipedia.org/wiki/Sigillaria
Anigre,http://en.wikipedia.org/wiki/Anigre
Nato wood,http://en.wikipedia.org/wiki/Nato_wood
Bloodwood,http://en.wikipedia.org/wiki/Bloodwood
Jubokko,http://en.wikipedia.org/wiki/Jubokko
Zaqqum,http://en.wikipedia.org/wiki/Zaqqum
Mountain papaya,http://en.wikipedia.org/wiki/Mountain_papaya
Pinchot Sycamore,http://en.wikipedia.org/wiki/Pinchot_Sycamore
Aextoxicon,http://en.wikipedia.org/wiki/Aextoxicon
Akadama,http://en.wikipedia.org/wiki/Akadama
Reaction wood,http://en.wikipedia.org/wiki/Reaction_wood
Alloxylon,http://en.wikipedia.org/wiki/Alloxylon
Magnolia figo,http://en.wikipedia.org/wiki/Magnolia_figo
Albizia adianthifolia,http://en.wikipedia.org/wiki/Albizia_adianthifolia
Syzygium paniculatum,http://en.wikipedia.org/wiki/Syzygium_paniculatum
Fan palm,http://en.wikipedia.org/wiki/Fan_palm
Nyatoh,http://en.wikipedia.org/wiki/Nyatoh
Wood flour,http://en.wikipedia.org/wiki/Wood_flour
Cassia javanica,http://en.wikipedia.org/wiki/Cassia_javanica
Xylotomy,http://en.wikipedia.org/wiki/Xylotomy
Paulownia kawakamii,http://en.wikipedia.org/wiki/Paulownia_kawakamii
Algum,http://en.wikipedia.org/wiki/Algum
Nanmu,http://en.wikipedia.org/wiki/Nanmu
Simantra,http://en.wikipedia.org/wiki/Simantra
Quilt maple,http://en.wikipedia.org/wiki/Quilt_maple
Waldo Park,http://en.wikipedia.org/wiki/Waldo_Park
Silvology,http://en.wikipedia.org/wiki/Silvology
Syzygium maire,http://en.wikipedia.org/wiki/Syzygium_maire
S'chach,http://en.wikipedia.org/wiki/S'chach
Lepidozamia,http://en.wikipedia.org/wiki/Lepidozamia
Ashvattha,http://en.wikipedia.org/wiki/Ashvattha
Cussonia paniculata,http://en.wikipedia.org/wiki/Cussonia_paniculata
Dais cotinifolia,http://en.wikipedia.org/wiki/Dais_cotinifolia
Sycamine,http://en.wikipedia.org/wiki/Sycamine
Mallorn,http://en.wikipedia.org/wiki/Mallorn
Resin canal,http://en.wikipedia.org/wiki/Resin_canal
Xylology,http://en.wikipedia.org/wiki/Xylology
Burl,http://en.wikipedia.org/wiki/Burl
Inga,http://en.wikipedia.org/wiki/Inga
Yew,http://en.wikipedia.org/wiki/Yew
